
<CONFIG depCheck="false">
	<Mode type="sync">
	    <!-- Setup distribution rules -->
	    <CONTEXT alias="9E25F606-AFE9-9237-1B06-4ECFE47C869B.routing.rules.storage">
	    </CONTEXT>
	
	    <!-- Setup distribution filters -->
	    <CONTEXT alias="9E25F606-AFE9-9237-1B06-4ECFE47C869B.filter.rules.storage">
	    </CONTEXT>
	
	    <!-- Setup trigger rules -->
	    <CONTEXT alias="9E25F606-AFE9-9237-1B06-4ECFE47C869B.change.rules.storage">
	    </CONTEXT>
	
	    <!-- Setup schedule rules -->
	    <CONTEXT alias="9E25F606-AFE9-9237-1B06-4ECFE47C869B.schedule.rules.storage">
	    </CONTEXT>
	</Mode>
</CONFIG>
