<CONFIG>
	<CONTEXT alias="9E25F606-AFE9-9237-1B06-4ECFE47C869B.task.app">
		<folder name="Details" description="Review Order Info Details" alias="9E25F606-AFE9-9237-1B06-4ECFE47C869B.task.app.details.page" isTaskFolder="false">
            <page>
            	<row>
            		<column>
            			<orderreviewtaskproject___revieworderinfooverview name="Task View" alias="9E25F606-AFE9-9237-1B06-4ECFE47C869B.task.app.details.portlet">
                            <layout name="titlebar" value="false"/>
                            <layout name="border" value="false"/>            			
            			</orderreviewtaskproject___revieworderinfooverview> 
                    </column>
                </row>
                <hobos/>
            </page>
        </folder>
    </CONTEXT>
</CONFIG>
