
<!-- Task definition file -->
<CONFIG taskId="9E25F606-AFE9-9237-1B06-4ECFE47C869B" displayName="Review Order Info" clientBeanName="ReviewOrderInfo" ruleContextBeanName="ReviewOrderInfoRuleContext">


    <!-- Setup rules storage -->
    <CONTEXT alias="task.rules.storage">
        <folder name="9E25F606-AFE9-9237-1B06-4ECFE47C869B Rules" alias="9E25F606-AFE9-9237-1B06-4ECFE47C869B.rules.storage">
            <folder name="Assignment" alias="9E25F606-AFE9-9237-1B06-4ECFE47C869B.routing.rules.storage"/>
            <folder name="Filters" alias="9E25F606-AFE9-9237-1B06-4ECFE47C869B.filter.rules.storage"/>
            <folder name="Change Rules" alias="9E25F606-AFE9-9237-1B06-4ECFE47C869B.change.rules.storage"/>
            <folder name="Schedule" alias="9E25F606-AFE9-9237-1B06-4ECFE47C869B.schedule.rules.storage"/>
            <folder name="Delegation" alias="9E25F606-AFE9-9237-1B06-4ECFE47C869B.delegation.rules.storage"/>
            <folder name="Rule Editing Context Storage" alias="9E25F606-AFE9-9237-1B06-4ECFE47C869B.context.storage"/>
        </folder>
    </CONTEXT>
    
    <!-- saved search storage -->
    <CONTEXT alias="folder.search.saved">
    	<folder name="9E25F606-AFE9-9237-1B06-4ECFE47C869B Saved Searches" alias="9E25F606-AFE9-9237-1B06-4ECFE47C869B.saved.search.storage">
    		<folder name="Global Searches" alias="9E25F606-AFE9-9237-1B06-4ECFE47C869B.saved.search.global.storage"/>
    	</folder>
    </CONTEXT>

	<!-- subscription storage -->
	<CONTEXT alias="task.subscriptions.storage">
		<Mode type="sync">
	        <folder name="9E25F606-AFE9-9237-1B06-4ECFE47C869B Subscriptions" alias="9E25F606-AFE9-9237-1B06-4ECFE47C869B.subscriptions.storage">
			</folder>
		</Mode>    
    </CONTEXT>

    <!-- setup test task application -->
    <CONTEXT alias="task.definition.storage">
        <wm_xt_task_definition 
        	name="9E25F606-AFE9-9237-1B06-4ECFE47C869B"
        	description="Review Order Info" 
        	alias="9E25F606-AFE9-9237-1B06-4ECFE47C869B,9E25F606-AFE9-9237-1B06-4ECFE47C869B.definition" 
        	audit_options="65503" 
        	task_data_impl_class="com.webmethods.caf.taskclient.ReviewOrderInfo$TaskData"
            isEnabled="true" 
            distr_rules_folder_uri="9E25F606-AFE9-9237-1B06-4ECFE47C869B.routing.rules.storage" 
            distr_filter_folder_uri="9E25F606-AFE9-9237-1B06-4ECFE47C869B.filter.rules.storage" 
            trigger_rules_folder_uri="9E25F606-AFE9-9237-1B06-4ECFE47C869B.change.rules.storage" 
            schedule_rules_folder_uri="9E25F606-AFE9-9237-1B06-4ECFE47C869B.schedule.rules.storage"
            delegation_rules_folder_uri="9E25F606-AFE9-9237-1B06-4ECFE47C869B.delegation.rules.storage" 
            task_client_name="ReviewOrderInfo"
            subscriptions_folder="9E25F606-AFE9-9237-1B06-4ECFE47C869B.subscriptions.storage"
			task_app_name="orderreviewtaskproject"
			comment_storage_type=""
			attach_storage_type=""
			task_type_id="9E25F606-AFE9-9237-1B06-4ECFE47C869B"
         view_task_portlet_uri="/portlet/orderreviewtaskproject___revieworderinfooverview"/>
    </CONTEXT>

    <!-- Setup Rule editing contexts -->
    <CONTEXT alias="folder.rule.contexts">
        <wm_task_rule_editing_context 
        	name="9E25F606-AFE9-9237-1B06-4ECFE47C869B Assignment" 
        	alias="9E25F606-AFE9-9237-1B06-4ECFE47C869B.distrib.rule.editing.context" 
        	ruleType="distribution"
            taskDefinitionURI="9E25F606-AFE9-9237-1B06-4ECFE47C869B.definition" 
            rulesStorageFolder="9E25F606-AFE9-9237-1B06-4ECFE47C869B.routing.rules.storage"/>
            
        <wm_task_rule_editing_context 
        	name="9E25F606-AFE9-9237-1B06-4ECFE47C869B Filters" 
        	alias="9E25F606-AFE9-9237-1B06-4ECFE47C869B.distrib.filter.rule.editing.context" 
        	ruleType="distribution.filter"
            taskDefinitionURI="9E25F606-AFE9-9237-1B06-4ECFE47C869B.definition" 
            rulesStorageFolder="9E25F606-AFE9-9237-1B06-4ECFE47C869B.filter.rules.storage"/>

        <wm_task_rule_editing_context 
        	name="9E25F606-AFE9-9237-1B06-4ECFE47C869B Change Rules" 
        	alias="9E25F606-AFE9-9237-1B06-4ECFE47C869B.trigger.rule.editing.context" 
        	ruleType="trigger"
            taskDefinitionURI="9E25F606-AFE9-9237-1B06-4ECFE47C869B.definition" 
            rulesStorageFolder="9E25F606-AFE9-9237-1B06-4ECFE47C869B.change.rules.storage"/>
        
        <wm_task_rule_editing_context 
        	name="9E25F606-AFE9-9237-1B06-4ECFE47C869B Schedule" 
        	alias="9E25F606-AFE9-9237-1B06-4ECFE47C869B.schedule.rule.editing.context" 
        	ruleType="schedule"
            taskDefinitionURI="9E25F606-AFE9-9237-1B06-4ECFE47C869B.definition" 
            rulesStorageFolder="9E25F606-AFE9-9237-1B06-4ECFE47C869B.schedule.rules.storage"/>

        <wm_task_rule_editing_context 
        	name="9E25F606-AFE9-9237-1B06-4ECFE47C869B Delegation" 
        	alias="9E25F606-AFE9-9237-1B06-4ECFE47C869B.delegation.rule.editing.context" 
        	ruleType="delegation"
            taskDefinitionURI="9E25F606-AFE9-9237-1B06-4ECFE47C869B.definition" 
            rulesStorageFolder="9E25F606-AFE9-9237-1B06-4ECFE47C869B.delegation.rules.storage"/>

    </CONTEXT>

    <!-- include task rules file -->
	<include include="/WEB-INF/tasks/9E25F606-AFE9-9237-1B06-4ECFE47C869B/taskRules.xml"/>

	<!-- Publish Task pages -->
	<CONTEXT alias="webm.apps.workflow">
		<folder name="Review Order Info" description="" alias="9E25F606-AFE9-9237-1B06-4ECFE47C869B.task.app" isTaskFolder="true"/>
    </CONTEXT>

	<CONTEXT alias="9E25F606-AFE9-9237-1B06-4ECFE47C869B.task.app">
	    <!-- Setup Rule Admins -->
        <folder name="Manage Assignments" alias="9E25F606-AFE9-9237-1B06-4ECFE47C869B.distribution.rules.admin.page">
          <page>
            <row>
              <column>
          	    <wm_ruleadmin name="Manage Assignments"
	  		  	    alias="9E25F606-AFE9-9237-1B06-4ECFE47C869B.distribution.rules.admin"
              		ruleFolderURI="9E25F606-AFE9-9237-1B06-4ECFE47C869B.routing.rules.storage"
                    ruleTextResourceBundle="com.webmethods.portal.portlet.wm_ruleadmin.resources.RuleadminResources"
                    viewRulesTextKey="text.taskrule.viewrules"
                    evalOrderTextKey="text.taskrule.evalorder"
                    addRuleTextKey="text.taskrule.addrule"
                    modifyRuleTextKey="text.taskrule.modifyrule"
                    cloneRuleTextKey="text.taskrule.clonerule"
                    ruleEditingContextURI="9E25F606-AFE9-9237-1B06-4ECFE47C869B.distrib.rule.editing.context">
                </wm_ruleadmin>
            	<wm_task_search___returnurlbutton name="Return" alias="9E25F606-AFE9-9237-1B06-4ECFE47C869B.distribution.rules.return">
                  <layout name="titlebar" value="false"/> 
                  <layout name="border" value="false"/>            			
            	</wm_task_search___returnurlbutton>
              </column>
            </row>
            <hobos/>
          </page>
        </folder>
        <folder name="Manage Filters" alias="9E25F606-AFE9-9237-1B06-4ECFE47C869B.distribution.filter.rules.admin.page">
          <page>
            <row>
              <column>
          		<wm_ruleadmin name="Manage Filters"
					alias="9E25F606-AFE9-9237-1B06-4ECFE47C869B.distribution.filter.rules.admin"
		            ruleFolderURI="9E25F606-AFE9-9237-1B06-4ECFE47C869B.filter.rules.storage"
        		    ruleTextResourceBundle="com.webmethods.portal.portlet.wm_ruleadmin.resources.RuleadminResources"
		            viewRulesTextKey="text.taskrule.viewrules"
		            evalOrderTextKey="text.taskrule.evalorder"
		            addRuleTextKey="text.taskrule.addrule"
		            modifyRuleTextKey="text.taskrule.modifyrule"
		            cloneRuleTextKey="text.taskrule.clonerule"
		            ruleEditingContextURI="9E25F606-AFE9-9237-1B06-4ECFE47C869B.distrib.filter.rule.editing.context">
        		</wm_ruleadmin>        
            	<wm_task_search___returnurlbutton name="Return" alias="9E25F606-AFE9-9237-1B06-4ECFE47C869B.distribution.filter.rules.return">
                  <layout name="titlebar" value="false"/> 
                  <layout name="border" value="false"/>            			
            	</wm_task_search___returnurlbutton>
              </column>
            </row>
            <hobos/>
          </page>
        </folder>
        <folder name="Manage Change Rules" alias="9E25F606-AFE9-9237-1B06-4ECFE47C869B.trigger.rules.admin.page">
          <page>
            <row>
              <column>
		        <wm_ruleadmin name="Manage Change Rules"
					alias="9E25F606-AFE9-9237-1B06-4ECFE47C869B.trigger.rules.admin"
		            ruleFolderURI="9E25F606-AFE9-9237-1B06-4ECFE47C869B.change.rules.storage"
		            ruleTextResourceBundle="com.webmethods.portal.portlet.wm_ruleadmin.resources.RuleadminResources"
		            viewRulesTextKey="text.taskrule.viewrules"
		            evalOrderTextKey="text.taskrule.evalorder"
		            addRuleTextKey="text.taskrule.addrule"
		            modifyRuleTextKey="text.taskrule.modifyrule"
		            cloneRuleTextKey="text.taskrule.clonerule"
		            ruleEditingContextURI="9E25F606-AFE9-9237-1B06-4ECFE47C869B.trigger.rule.editing.context">
		        </wm_ruleadmin>
            	<wm_task_search___returnurlbutton name="Return" alias="9E25F606-AFE9-9237-1B06-4ECFE47C869B.trigger.rules.return">
                  <layout name="titlebar" value="false"/> 
                  <layout name="border" value="false"/>            			
            	</wm_task_search___returnurlbutton>
              </column>
            </row>
            <hobos/>
          </page>
        </folder>
        <folder name="Manage Schedules" alias="9E25F606-AFE9-9237-1B06-4ECFE47C869B.schedule.rules.admin.page">
          <page>
            <row>
              <column>
		        <wm_ruleadmin name="Manage Schedules"
					alias="9E25F606-AFE9-9237-1B06-4ECFE47C869B.schedule.rules.admin"
		            ruleFolderURI="9E25F606-AFE9-9237-1B06-4ECFE47C869B.schedule.rules.storage"
		            ruleTextResourceBundle="com.webmethods.portal.portlet.wm_ruleadmin.resources.RuleadminResources"
		            viewRulesTextKey="text.taskrule.viewrules"
		            evalOrderTextKey="text.taskrule.evalorder"
		            addRuleTextKey="text.taskrule.addrule"
		            modifyRuleTextKey="text.taskrule.modifyrule"
		            cloneRuleTextKey="text.taskrule.clonerule"
		            ruleEditingContextURI="9E25F606-AFE9-9237-1B06-4ECFE47C869B.schedule.rule.editing.context">
		        </wm_ruleadmin>
            	<wm_task_search___returnurlbutton name="Return" alias="9E25F606-AFE9-9237-1B06-4ECFE47C869B.schedule.rules.return">
                  <layout name="titlebar" value="false"/> 
                  <layout name="border" value="false"/>            			
            	</wm_task_search___returnurlbutton>
              </column>
            </row>
            <hobos/>
          </page>
        </folder>
        <wm_ruleadmin name="Manage Delegations" 
			alias="9E25F606-AFE9-9237-1B06-4ECFE47C869B.delegation.rules.admin"
            ruleFolderURI="9E25F606-AFE9-9237-1B06-4ECFE47C869B.delegation.rules.storage"
            ruleTextResourceBundle="com.webmethods.portal.portlet.wm_ruleadmin.resources.RuleadminResources"
            viewRulesTextKey="text.taskrule.viewrules"
            evalOrderTextKey="text.taskrule.evalorder"
            addRuleTextKey="text.taskrule.addrule"
            modifyRuleTextKey="text.taskrule.modifyrule"
            cloneRuleTextKey="text.taskrule.clonerule"
            ruleEditingContextURI="9E25F606-AFE9-9237-1B06-4ECFE47C869B.delegation.rule.editing.context">
        </wm_ruleadmin>
    </CONTEXT>

	<!-- Start Task -->
	<include include="/WEB-INF/tasks/9E25F606-AFE9-9237-1B06-4ECFE47C869B/taskStart.xml"/>
	
	<!-- Custom Task Details -->
	<include include="/WEB-INF/tasks/9E25F606-AFE9-9237-1B06-4ECFE47C869B/taskDetails.xml"/>
	
	<!-- Custom Inbox Page -->
	<include include="/WEB-INF/tasks/9E25F606-AFE9-9237-1B06-4ECFE47C869B/taskInbox.xml"/>
	
</CONFIG>
