<CONFIG>
	<CONTEXT alias="9E25F606-AFE9-9237-1B06-4ECFE47C869B.task.app">
		<folder name="Review Order Info Inbox" description="Review Order Info Inbox" alias="9E25F606-AFE9-9237-1B06-4ECFE47C869B.task.app.inbox" isTaskFolder="true">
			<Mode type="sync">
	            <page>
	            	<row>
	            		<column>
	            			
	            			<orderreviewtaskproject___revieworderinfoinboxbar 
	                            name="Search For"
	            				description="Search for Review Order Info"
	                            alias="9E25F606-AFE9-9237-1B06-4ECFE47C869B.task.app.inbox.bar">
	                        </orderreviewtaskproject___revieworderinfoinboxbar>
	                        
	                        
	                        <orderreviewtaskproject___revieworderinfoinboxresults
	                            name="Task Results"
	                            description="Review Order Info search results"
	                            alias="9E25F606-AFE9-9237-1B06-4ECFE47C869B.task.app.inbox.result"><relation
	                            />
								
	                            <wiring name="queryString" portlet="9E25F606-AFE9-9237-1B06-4ECFE47C869B.task.app.inbox.bar" property="lastSearchState"/>
	                            
	                        </orderreviewtaskproject___revieworderinfoinboxresults>
	                        
	                    </column>
	                </row>
	                <hobos/>
	            </page>
	        </Mode>
        </folder>
    </CONTEXT>
</CONFIG>
