<?xml version="1.0" encoding="UTF-8"?>

<!DOCTYPE faces-config PUBLIC
    "-//Sun Microsystems, Inc.//DTD JavaServer Faces Config 1.1//EN"
    "http://java.sun.com/dtd/web-facesconfig_1_1.dtd">

<faces-config>
	<application>
		<message-bundle>com.webmethods.caf.AppResources</message-bundle>
		<locale-config>
			<default-locale>en_US</default-locale>
		</locale-config>
	</application>

	<managed-bean>
		<managed-bean-name>ReviewOrderInfo</managed-bean-name>
		<managed-bean-class>com.webmethods.caf.taskclient.ReviewOrderInfo</managed-bean-class>
		<managed-bean-scope>session</managed-bean-scope>
		<managed-property>
			<description>Specifies whether the session bean expires when the pageflow is out of scope</description>
			<display-name>Expire With Page Flow</display-name>
			<property-name>expireWithPageFlow</property-name>
			<property-class>java.lang.Boolean</property-class>
			<value>true</value>
		</managed-property>
	</managed-bean>
	<managed-bean>
		<display-name>Review Order Info Rule Context</display-name>
		<managed-bean-name>ReviewOrderInfoRuleContext</managed-bean-name>
		<managed-bean-class>com.webmethods.caf.taskclient.ReviewOrderInfoRuleContext</managed-bean-class>
		<managed-bean-scope>session</managed-bean-scope>
	</managed-bean>
	<managed-bean>
		<description>applicationbean</description>
		<display-name>OrderReviewTaskProject</display-name>
		<managed-bean-name>OrderReviewTaskProject</managed-bean-name>
		<managed-bean-class>com.webmethods.caf.OrderReviewTaskProject</managed-bean-class>
		<managed-bean-scope>application</managed-bean-scope>
	</managed-bean>
	<managed-bean>
		<description>portletbean</description>
		<display-name>ReviewOrderInfoView</display-name>
		<managed-bean-name>ReviewOrderInfoView</managed-bean-name>
		<managed-bean-class>com.webmethods.caf.revieworderinfoview.ReviewOrderInfoView</managed-bean-class>
		<managed-bean-scope>session</managed-bean-scope>
		<managed-property>
			<description>Specifies whether the session bean expires when the pageflow is out of scope</description>
			<display-name>Expire With Page Flow</display-name>
			<property-name>expireWithPageFlow</property-name>
			<property-class>java.lang.Boolean</property-class>
			<value>true</value>
		</managed-property>
	</managed-bean>
	<managed-bean>
		<description>pagebean</description>
		<display-name>ReviewOrderInfoView/default</display-name>
		<managed-bean-name>ReviewOrderInfoViewDefaultviewView</managed-bean-name>
		<managed-bean-class>com.webmethods.caf.revieworderinfoview.ReviewOrderInfoViewDefaultviewView</managed-bean-class>
		<managed-bean-scope>session</managed-bean-scope>
		<managed-property>
			<description>Specifies whether the session bean expires when the pageflow is out of scope</description>
			<display-name>Expire With Page Flow</display-name>
			<property-name>expireWithPageFlow</property-name>
			<property-class>java.lang.Boolean</property-class>
			<value>true</value>
		</managed-property>
	</managed-bean>
	<navigation-rule>
		<from-view-id>/ReviewOrderInfoView/*</from-view-id>
		<navigation-case>
			<from-outcome>default</from-outcome>
			<to-view-id>/ReviewOrderInfoView/default.view</to-view-id>
		</navigation-case>
	</navigation-rule>
	<managed-bean>
		<managed-bean-name>TaskDisplayProvider</managed-bean-name>
		<managed-bean-class>com.webmethods.caf.faces.data.task.TaskDisplayProvider</managed-bean-class>
		<managed-bean-scope>session</managed-bean-scope>
		<managed-property>
			<description>Specifies whether the session bean expires when the pageflow is out of scope</description>
			<display-name>Expire With Page Flow</display-name>
			<property-name>expireWithPageFlow</property-name>
			<property-class>java.lang.Boolean</property-class>
			<value>true</value>
		</managed-property>
	</managed-bean>
	
	<managed-bean>
		<description>portletbean</description>
		<display-name>ReviewOrderInfoOverview</display-name>
		<managed-bean-name>ReviewOrderInfoOverview</managed-bean-name>
		<managed-bean-class>com.webmethods.caf.revieworderinfooverview.ReviewOrderInfoOverview</managed-bean-class>
		<managed-bean-scope>session</managed-bean-scope>
		<managed-property>
			<description>Specifies whether the session bean expires when the pageflow is out of scope</description>
			<display-name>Expire With Page Flow</display-name>
			<property-name>expireWithPageFlow</property-name>
			<property-class>java.lang.Boolean</property-class>
			<value>true</value>
		</managed-property>
	</managed-bean>
	<managed-bean>
		<description>pagebean</description>
		<display-name>ReviewOrderInfoOverview/default</display-name>
		<managed-bean-name>ReviewOrderInfoOverviewDefaultviewView</managed-bean-name>
		<managed-bean-class>com.webmethods.caf.revieworderinfooverview.ReviewOrderInfoOverviewDefaultviewView</managed-bean-class>
		<managed-bean-scope>session</managed-bean-scope>
		<managed-property>
			<description>Specifies whether the session bean expires when the pageflow is out of scope</description>
			<display-name>Expire With Page Flow</display-name>
			<property-name>expireWithPageFlow</property-name>
			<property-class>java.lang.Boolean</property-class>
			<value>true</value>
		</managed-property>
	</managed-bean>
	<navigation-rule>
		<from-view-id>/ReviewOrderInfoOverview/*</from-view-id>
		<navigation-case>
			<from-outcome>default</from-outcome>
			<to-view-id>/ReviewOrderInfoOverview/default.view</to-view-id>
		</navigation-case>
	</navigation-rule>
	<managed-bean>
		<description>portletbean</description>
		<display-name>ReviewOrderInfoInboxBar</display-name>
		<managed-bean-name>ReviewOrderInfoInboxBar</managed-bean-name>
		<managed-bean-class>com.webmethods.caf.revieworderinfoinboxbar.ReviewOrderInfoInboxBar</managed-bean-class>
		<managed-bean-scope>session</managed-bean-scope>
		<managed-property>
			<description>Specifies whether the session bean expires when the pageflow is out of scope</description>
			<display-name>Expire With Page Flow</display-name>
			<property-name>expireWithPageFlow</property-name>
			<property-class>java.lang.Boolean</property-class>
			<value>true</value>
		</managed-property>
	</managed-bean>
	<managed-bean>
		<description>pagebean</description>
		<display-name>ReviewOrderInfoInboxBar/default</display-name>
		<managed-bean-name>ReviewOrderInfoInboxBarDefaultviewView</managed-bean-name>
		<managed-bean-class>com.webmethods.caf.revieworderinfoinboxbar.ReviewOrderInfoInboxBarDefaultviewView</managed-bean-class>
		<managed-bean-scope>session</managed-bean-scope>
		<managed-property>
			<description>Specifies whether the session bean expires when the pageflow is out of scope</description>
			<display-name>Expire With Page Flow</display-name>
			<property-name>expireWithPageFlow</property-name>
			<property-class>java.lang.Boolean</property-class>
			<value>true</value>
		</managed-property>
	</managed-bean>
	<navigation-rule>
		<from-view-id>/ReviewOrderInfoInboxBar/*</from-view-id>
		<navigation-case>
			<from-outcome>default</from-outcome>
			<to-view-id>/ReviewOrderInfoInboxBar/default.view</to-view-id>
		</navigation-case>
	</navigation-rule>
	<managed-bean>
		<description>portletbean</description>
		<display-name>ReviewOrderInfoInboxResults</display-name>
		<managed-bean-name>ReviewOrderInfoInboxResults</managed-bean-name>
		<managed-bean-class>com.webmethods.caf.revieworderinfoinboxresults.ReviewOrderInfoInboxResults</managed-bean-class>
		<managed-bean-scope>session</managed-bean-scope>
		<managed-property>
			<description>Specifies whether the session bean expires when the pageflow is out of scope</description>
			<display-name>Expire With Page Flow</display-name>
			<property-name>expireWithPageFlow</property-name>
			<property-class>java.lang.Boolean</property-class>
			<value>true</value>
		</managed-property>
	</managed-bean>
	<managed-bean>
		<description>pagebean</description>
		<display-name>ReviewOrderInfoInboxResults/default</display-name>
		<managed-bean-name>ReviewOrderInfoInboxResultsDefaultviewView</managed-bean-name>
		<managed-bean-class>com.webmethods.caf.revieworderinfoinboxresults.ReviewOrderInfoInboxResultsDefaultviewView</managed-bean-class>
		<managed-bean-scope>session</managed-bean-scope>
		<managed-property>
			<description>Specifies whether the session bean expires when the pageflow is out of scope</description>
			<display-name>Expire With Page Flow</display-name>
			<property-name>expireWithPageFlow</property-name>
			<property-class>java.lang.Boolean</property-class>
			<value>true</value>
		</managed-property>
	</managed-bean>
	<navigation-rule>
		<from-view-id>/ReviewOrderInfoInboxResults/*</from-view-id>
		<navigation-case>
			<from-outcome>default</from-outcome>
			<to-view-id>/ReviewOrderInfoInboxResults/default.view</to-view-id>
		</navigation-case>
	</navigation-rule>
	<managed-bean>
		<managed-bean-name>ReviewOrderInfoSearchProvider</managed-bean-name>
		<managed-bean-class>com.webmethods.caf.revieworderinfoinboxresults.ReviewOrderInfoSearchProvider</managed-bean-class>
		<managed-bean-scope>session</managed-bean-scope>
		<managed-property>
			<description>Specifies whether the session bean expires when the pageflow is out of scope</description>
			<display-name>Expire With Page Flow</display-name>
			<property-name>expireWithPageFlow</property-name>
			<property-class>java.lang.Boolean</property-class>
			<value>true</value>
		</managed-property>
	</managed-bean>
	<managed-bean>
		<managed-bean-name>TaskPriorityMapProvider</managed-bean-name>
		<managed-bean-class>com.webmethods.caf.faces.data.object.TableSelectItemGroupProvider</managed-bean-class>
		<managed-bean-scope>session</managed-bean-scope>
		<managed-property>
			<description>Specifies whether the session bean expires when the pageflow is out of scope</description>
			<display-name>Expire With Page Flow</display-name>
			<property-name>expireWithPageFlow</property-name>
			<property-class>java.lang.Boolean</property-class>
			<value>true</value>
		</managed-property>
	</managed-bean>
	<managed-bean>
		<managed-bean-name>TaskDisplayProviderForDialog</managed-bean-name>
		<managed-bean-class>com.webmethods.caf.faces.data.task.TaskDisplayProvider</managed-bean-class>
		<managed-bean-scope>session</managed-bean-scope>
		<managed-property>
			<description>Specifies whether the session bean expires when the pageflow is out of scope</description>
			<display-name>Expire With Page Flow</display-name>
			<property-name>expireWithPageFlow</property-name>
			<property-class>java.lang.Boolean</property-class>
			<value>true</value>
		</managed-property>
	</managed-bean>
	<managed-bean>
		<managed-bean-name>TaskTypeNameMapProvider</managed-bean-name>
		<managed-bean-class>com.webmethods.caf.faces.data.object.TableSelectItemGroupProvider</managed-bean-class>
		<managed-bean-scope>session</managed-bean-scope>
		<managed-property>
			<description>Specifies whether the session bean expires when the pageflow is out of scope</description>
			<display-name>Expire With Page Flow</display-name>
			<property-name>expireWithPageFlow</property-name>
			<property-class>java.lang.Boolean</property-class>
			<value>true</value>
		</managed-property>
	</managed-bean>
	<managed-bean>
		<managed-bean-name>SelectedTasksProvider</managed-bean-name>
		<managed-bean-class>com.webmethods.caf.faces.data.object.ListTableContentProvider</managed-bean-class>
		<managed-bean-scope>session</managed-bean-scope>
		<managed-property>
			<description>Specifies whether the session bean expires when the pageflow is out of scope</description>
			<display-name>Expire With Page Flow</display-name>
			<property-name>expireWithPageFlow</property-name>
			<property-class>java.lang.Boolean</property-class>
			<value>true</value>
		</managed-property>
	</managed-bean>
	<managed-bean>
		<managed-bean-name>SelectedTaskIDsProvider</managed-bean-name>
		<managed-bean-class>com.webmethods.caf.faces.data.object.ListTableContentProvider</managed-bean-class>
		<managed-bean-scope>session</managed-bean-scope>
		<managed-property>
			<description>Specifies whether the session bean expires when the pageflow is out of scope</description>
			<display-name>Expire With Page Flow</display-name>
			<property-name>expireWithPageFlow</property-name>
			<property-class>java.lang.Boolean</property-class>
			<value>true</value>
		</managed-property>
	</managed-bean>
	<managed-bean>
		<managed-bean-name>SelectedTaskInfosProvider</managed-bean-name>
		<managed-bean-class>com.webmethods.caf.faces.data.object.ListTableContentProvider</managed-bean-class>
		<managed-bean-scope>session</managed-bean-scope>
		<managed-property>
			<description>Specifies whether the session bean expires when the pageflow is out of scope</description>
			<display-name>Expire With Page Flow</display-name>
			<property-name>expireWithPageFlow</property-name>
			<property-class>java.lang.Boolean</property-class>
			<value>true</value>
		</managed-property>
	</managed-bean>
	<managed-bean>
		<managed-bean-name>TaskContentProviderExtended</managed-bean-name>
		<managed-bean-class>com.webmethods.caf.faces.data.task.impl.TaskContentProviderExtended</managed-bean-class>
		<managed-bean-scope>session</managed-bean-scope>
		<managed-property>
			<description>Specifies whether the session bean expires when the pageflow is out of scope</description>
			<display-name>Expire With Page Flow</display-name>
			<property-name>expireWithPageFlow</property-name>
			<property-class>java.lang.Boolean</property-class>
			<value>true</value>
		</managed-property>
	</managed-bean>
	<managed-bean>
		<description>pagebean</description>
		<display-name>ReviewOrderInfoInboxResults/edit</display-name>
		<managed-bean-name>ReviewOrderInfoInboxResultsEditviewView</managed-bean-name>
		<managed-bean-class>com.webmethods.caf.revieworderinfoinboxresults.ReviewOrderInfoInboxResultsEditviewView</managed-bean-class>
		<managed-bean-scope>session</managed-bean-scope>
		<managed-property>
			<description>Specifies whether the session bean expires when the pageflow is out of scope</description>
			<display-name>Expire With Page Flow</display-name>
			<property-name>expireWithPageFlow</property-name>
			<property-class>java.lang.Boolean</property-class>
			<value>true</value>
		</managed-property>
	</managed-bean>
	<navigation-rule>
		<from-view-id>/ReviewOrderInfoInboxResults/*</from-view-id>
		<navigation-case>
			<from-outcome>edit</from-outcome>
			<to-view-id>/ReviewOrderInfoInboxResults/edit.view</to-view-id>
		</navigation-case>
	</navigation-rule></faces-config>
