<?xml version="1.0" encoding="UTF-8" standalone="yes"?>
<portlet-app version="1.0" xmlns="http://java.sun.com/xml/ns/portlet/portlet-app_1_0.xsd" xmlns:xsi="http://www.w3.org/2001/XMLSchema-instance" xsi:schemaLocation="http://java.sun.com/xml/ns/portlet/portlet-app_1_0.xsd http://java.sun.com/xml/ns/portlet/portlet-app_1_0.xsd ">
	<portlet>
		<portlet-name>ReviewOrderInfoView</portlet-name>
		<portlet-class>com.webmethods.caf.faces.portlet.FacesPortlet</portlet-class>
		<init-param>
			<name>ANNOTATED_PORTLET_ACTIONS</name>
			<value>true</value>
		</init-param>
		<init-param>
			<name>com.webmethods.caf.faces.portlet.INIT_VIEW</name>
			<value>/ReviewOrderInfoView/default.view</value>
		</init-param>
		<supports>
			<mime-type>text/html</mime-type>
			<portlet-mode>view</portlet-mode>
		</supports>
		<supported-locale>en</supported-locale>
		<resource-bundle>com.webmethods.caf.revieworderinfoview.ReviewOrderInfoViewResources</resource-bundle>
		<portlet-info>
			<title>Review Order Info View</title>
			<short-title>ReviewOrderInfoView</short-title>
			<keywords>task,9E25F606-AFE9-9237-1B06-4ECFE47C869B,view</keywords>
		</portlet-info>
		<portlet-preferences>
			<preference>
				<name>taskID</name>
				<read-only>false</read-only>
			</preference>
			<preference>
				<name>cancelUrl</name>
				<read-only>false</read-only>
			</preference>
			<preference>
				<name>finishUrl</name>
				<read-only>false</read-only>
			</preference>
		</portlet-preferences>
	</portlet>
	<portlet>
		<portlet-name>ReviewOrderInfoOverview</portlet-name>
		<portlet-class>com.webmethods.caf.faces.portlet.FacesPortlet</portlet-class>
		<init-param>
			<name>ANNOTATED_PORTLET_ACTIONS</name>
			<value>true</value>
		</init-param>
		<init-param>
			<name>com.webmethods.caf.faces.portlet.INIT_VIEW</name>
			<value>/ReviewOrderInfoOverview/default.view</value>
		</init-param>
		<supports>
			<mime-type>text/html</mime-type>
			<portlet-mode>view</portlet-mode>
		</supports>
		<supported-locale>en</supported-locale>
		<resource-bundle>com.webmethods.caf.revieworderinfooverview.ReviewOrderInfoOverviewResources</resource-bundle>
		<portlet-info>
			<title>Review Order Info Overview</title>
			<short-title>ReviewOrderInfoOverview</short-title>
			<keywords>task,9E25F606-AFE9-9237-1B06-4ECFE47C869B,overview</keywords>
		</portlet-info>
		<portlet-preferences>
			<preference>
				<name>taskID</name>
				<read-only>false</read-only>
			</preference>
			<preference>
				<name>cancelUrl</name>
				<read-only>false</read-only>
			</preference>
			<preference>
				<name>finishUrl</name>
				<read-only>false</read-only>
			</preference>
			<preference>
				<name>currentTab</name>
				<value>TaskData</value>
				<read-only>false</read-only>
			</preference>
		</portlet-preferences>
	</portlet>
	<portlet>
		<portlet-name>ReviewOrderInfoInboxBar</portlet-name>
		<portlet-class>com.webmethods.caf.faces.portlet.FacesPortlet</portlet-class>
		<init-param>
			<name>ANNOTATED_PORTLET_ACTIONS</name>
			<value>true</value>
		</init-param>
		<init-param>
			<name>com.webmethods.caf.faces.portlet.INIT_VIEW</name>
			<value>/ReviewOrderInfoInboxBar/default.view</value>
		</init-param>
		<init-param>
			<name>titlebar_layout</name>
			<value>tabs</value>
		</init-param>
		<init-param>
			<name>titlebar_show_add_to_home</name>
			<value>false</value>
		</init-param>
		<supports>
			<mime-type>text/html</mime-type>
			<portlet-mode>view</portlet-mode>
		</supports>
		<supported-locale>en</supported-locale>
		<resource-bundle>com.webmethods.caf.revieworderinfoinboxbar.ReviewOrderInfoInboxBarResources</resource-bundle>
		<portlet-info>
			<title>Review Order Info Inbox Bar</title>
			<short-title>ReviewOrderInfoInboxBar</short-title>
			<keywords>task,9E25F606-AFE9-9237-1B06-4ECFE47C869B,inbox,bar</keywords>
		</portlet-info>
		<portlet-preferences>
			<preference>
				<name>initialSearchTab</name>
				<read-only>false</read-only>
			</preference>
			<preference>
				<name>initialSelectedSavedSearch</name>
				<read-only>false</read-only>
			</preference>
			<preference>
				<name>runSearchOnDisplay</name>
				<value>true</value>
				<read-only>false</read-only>
			</preference>
			<preference>
				<name>noMaxResults</name>
				<value>false</value>
				<read-only>false</read-only>
			</preference>
			<preference>
				<name>maxResults</name>
				<value>200</value>
				<read-only>false</read-only>
			</preference>
			<preference>
				<name>lastSearchState</name>
				<read-only>false</read-only>
			</preference>
			<preference>
				<name>savedSearchMap</name>
				<read-only>false</read-only>
			</preference>
		</portlet-preferences>
	</portlet>
	<portlet>
		<portlet-name>ReviewOrderInfoInboxResults</portlet-name>
		<portlet-class>com.webmethods.caf.faces.portlet.FacesPortlet</portlet-class>
		<init-param>
			<name>ANNOTATED_PORTLET_ACTIONS</name>
			<value>true</value>
		</init-param>
		<init-param>
			<name>com.webmethods.caf.faces.portlet.INIT_VIEW</name>
			<value>/ReviewOrderInfoInboxResults/default.view</value>
		</init-param>
		<init-param>
			<name>com.webmethods.caf.faces.portlet.INIT_EDIT</name>
			<value>/ReviewOrderInfoInboxResults/edit.view</value>
		</init-param>
		<supports>
			<mime-type>text/html</mime-type>
			<portlet-mode>view</portlet-mode>
			<portlet-mode>edit</portlet-mode>
		</supports>
		<supported-locale>en</supported-locale>
		<resource-bundle>com.webmethods.caf.revieworderinfoinboxresults.ReviewOrderInfoInboxResultsResources</resource-bundle>
		<portlet-info>
			<title>Review Order Info Inbox Results</title>
			<short-title>ReviewOrderInfoInboxResults</short-title>
			<keywords>task,9E25F606-AFE9-9237-1B06-4ECFE47C869B,inbox,results</keywords>
		</portlet-info>
		<portlet-preferences>
			<preference>
				<name>queryString</name>
				<read-only>false</read-only>
			</preference>
			<preference>
				<name>initialPageSize</name>
				<value>20</value>
				<read-only>false</read-only>
			</preference>
			<preference>
				<name>initialSortBy</name>
				<value>taskIdColumn</value>
				<read-only>false</read-only>
			</preference>
			<preference>
				<name>initialSortAscending</name>
				<value>true</value>
				<read-only>false</read-only>
			</preference>
			<preference>
				<name>columnDisplay</name>
				<read-only>false</read-only>
			</preference>
			<preference>
				<name>columnWidths</name>
				<read-only>false</read-only>
			</preference>
			<preference>
				<name>taskDetailsPage</name>
				<read-only>false</read-only>
			</preference>
			<preference>
				<name>taskDetailsPortlet</name>
				<read-only>false</read-only>
			</preference>
			<preference>
				<name>currentTaskID</name>
				<read-only>false</read-only>
			</preference>
		</portlet-preferences>
	</portlet>
	<user-attribute>
		<name>user.default.time_zone</name>
	</user-attribute>
	<user-attribute>
		<name>user.default.time.format</name>
	</user-attribute>
	<user-attribute>
		<name>user.default.date.format</name>
	</user-attribute>
	<user-attribute>
		<name>user.default.number.format</name>
	</user-attribute>
</portlet-app>